{"cameraMode":{"drawMode":0,"name":"Shaded","section":"Shading Mode"},"sceneLighting":true,"audioPlay":false,"sceneViewState":{"showFog":true,"showMaterialUpdate":false,"showSkybox":true,"showFlares":true,"showImageEffects":true,"showParticleSystems":true},"in2DMode":false,"pivot":{"x":2.424182891845703,"y":-0.12916183471679688,"z":-0.7730522155761719},"rotation":{"x":-0.10558318346738816,"y":0.8796815276145935,"z":-0.2310115098953247,"w":-0.4020560383796692},"size":33.85427474975586,"orthographic":false}