{"cameraMode":{"drawMode":0,"name":"Shaded","section":"Shading Mode"},"sceneLighting":true,"audioPlay":false,"sceneViewState":{"showFog":true,"showMaterialUpdate":false,"showSkybox":true,"showFlares":true,"showImageEffects":true,"showParticleSystems":true},"in2DMode":false,"pivot":{"x":2.424182891845703,"y":-0.12916183471679688,"z":-0.7730522155761719},"rotation":{"x":0.10468032956123352,"y":0.8812413811683655,"z":-0.3986327052116394,"w":0.23141343891620637},"size":33.85427474975586,"orthographic":false}